Nome,Peso,Tipo,Tamanho
CamisolaBranca,0.3,ROUPA,PEQUENO
CasacoVermelho,1.0,ROUPA,PEQUENO
CalçasAzuis,0.7,ROUPA,PEQUENO
LivroFantasia,0.5,LIVRO,PEQUENO
LivroBiografia,0.6,LIVRO,PEQUENO
LivroFicçãoCientífica,0.8,LIVRO,PEQUENO
BrincosPrata,0.05,ACESSORIO,PEQUENO
PulseiraOuro,0.05,ACESSORIO,PEQUENO
ColarDiamante,0.05,ACESSORIO,PEQUENO
Boneca,0.5,BRINQUEDO,PEQUENO
UrsoPeluche,0.7,BRINQUEDO,PEQUENO
CarrinhoBrinquedo,0.6,BRINQUEDO,PEQUENO
Televisão,10.0,ELETRONICO,GRANDE
Computador,5.0,ELETRONICO,GRANDE
Tablet,1.0,ELETRONICO,PEQUENO
